[
  {
    "id": 1,
    "usdaNutrientId": 1087,
    "usdaNutrientName": "Calcium, Ca",
    "usdaNutrientUnit": "MG",
    "rdiNutrientName": "Calcium",
    "rdiNutrientUnit": "mg",
    "rdiNutrientTable": "Elements",
    "usdaToRdiUnitMultiplier": 1
  },
  {
    "id": 2,
    "usdaNutrientId": 1096,
    "usdaNutrientName": "Chromium, Cr",
    "usdaNutrientUnit": "UG",
    "rdiNutrientName": "Chromium",
    "rdiNutrientUnit": "ug",
    "rdiNutrientTable": "Elements",
    "usdaToRdiUnitMultiplier": 1
  },
  {
    "id": 3,
    "usdaNutrientId": 1098,
    "usdaNutrientName": "Copper, Cu",
    "usdaNutrientUnit": "MG",
    "rdiNutrientName": "Copper",
    "rdiNutrientUnit": "ug",
    "rdiNutrientTable": "Elements",
    "usdaToRdiUnitMultiplier": 1000
  },
  {
    "id": 4,
    "usdaNutrientId": 1099,
    "usdaNutrientName": "Fluoride, F",
    "usdaNutrientUnit": "UG",
    "rdiNutrientName": "Fluoride",
    "rdiNutrientUnit": "mg",
    "rdiNutrientTable": "Elements",
    "usdaToRdiUnitMultiplier": 0.001
  },
  {
    "id": 5,
    "usdaNutrientId": 1100,
    "usdaNutrientName": "Iodine, I",
    "usdaNutrientUnit": "UG",
    "rdiNutrientName": "Iodine",
    "rdiNutrientUnit": "ug",
    "rdiNutrientTable": "Elements",
    "usdaToRdiUnitMultiplier": 1
  },
  {
    "id": 6,
    "usdaNutrientId": 1089,
    "usdaNutrientName": "Iron, Fe",
    "usdaNutrientUnit": "MG",
    "rdiNutrientName": "Iron",
    "rdiNutrientUnit": "mg",
    "rdiNutrientTable": "Elements",
    "usdaToRdiUnitMultiplier": 1
  },
  {
    "id": 7,
    "usdaNutrientId": 1090,
    "usdaNutrientName": "Magnesium, Mg",
    "usdaNutrientUnit": "MG",
    "rdiNutrientName": "Magnesium",
    "rdiNutrientUnit": "mg",
    "rdiNutrientTable": "Elements",
    "usdaToRdiUnitMultiplier": 1
  },
  {
    "id": 8,
    "usdaNutrientId": 1101,
    "usdaNutrientName": "Manganese, Mn",
    "usdaNutrientUnit": "MG",
    "rdiNutrientName": "Manganese",
    "rdiNutrientUnit": "mg",
    "rdiNutrientTable": "Elements",
    "usdaToRdiUnitMultiplier": 1
  },
  {
    "id": 9,
    "usdaNutrientId": 1102,
    "usdaNutrientName": "Molybdenum, Mo",
    "usdaNutrientUnit": "UG",
    "rdiNutrientName": "Molybdenum",
    "rdiNutrientUnit": "ug",
    "rdiNutrientTable": "Elements",
    "usdaToRdiUnitMultiplier": 1
  },
  {
    "id": 10,
    "usdaNutrientId": 1091,
    "usdaNutrientName": "Phosphorus, P",
    "usdaNutrientUnit": "MG",
    "rdiNutrientName": "Phosphorus",
    "rdiNutrientUnit": "mg",
    "rdiNutrientTable": "Elements",
    "usdaToRdiUnitMultiplier": 1
  }
]
